{
  "demo-app": {
    "precision@5": 0.325,
    "recall@5": 0.7291666666666666,
    "wall_s": 0.23802181700000347
  },
  "express": {
    "precision@5": 0.225,
    "recall@5": 0.5208333333333333,
    "wall_s": 2.706784270000071
  },
  "t3-app": {
    "precision@5": 0.175,
    "recall@5": 0.6875,
    "wall_s": 6.243120482999984
  }
}
