{
  "base": {
    "demo-app": {
      "precision@5": 0.325,
      "recall@5": 0.7291666666666666,
      "wall_s": 0.20285383499998488
    },
    "express": {
      "precision@5": 0.225,
      "recall@5": 0.5208333333333333,
      "wall_s": 2.345269873999996
    },
    "t3-app": {
      "precision@5": 0.175,
      "recall@5": 0.6875,
      "wall_s": 5.304883036999968
    }
  },
  "with_embeddings": {
    "demo-app": {
      "precision@5": 0.325,
      "recall@5": 0.7291666666666666,
      "wall_s": 1.4858365350000327
    },
    "express": {
      "precision@5": 0.225,
      "recall@5": 0.5208333333333333,
      "wall_s": 3.1240486019999594
    },
    "t3-app": {
      "precision@5": 0.175,
      "recall@5": 0.6875,
      "wall_s": 6.886374318000037
    }
  }
}
