{
  "base": {
    "demo-app": {
      "precision@5": 0.275,
      "recall@5": 0.5416666666666666,
      "wall_s": 0.10636058400086768
    },
    "express": {
      "precision@5": 0.125,
      "recall@5": 0.2708333333333333,
      "wall_s": 1.30918633300098
    },
    "t3-app": {
      "precision@5": 0.05,
      "recall@5": 0.25,
      "wall_s": 2.871031041999231
    }
  },
  "with_embeddings": {}
}
