{
  "base": {
    "demo-app": {
      "precision@5": 0.275,
      "recall@5": 0.5416666666666666,
      "wall_s": 0.1257349580009759
    },
    "express": {
      "precision@5": 0.125,
      "recall@5": 0.2708333333333333,
      "wall_s": 1.279741374997684
    },
    "realworld": {
      "precision@5": 0.23333333333333336,
      "recall@5": 0.36666666666666664,
      "wall_s": 0.43007150000266847
    },
    "t3-app": {
      "precision@5": 0.05,
      "recall@5": 0.25,
      "wall_s": 2.882544083000539
    }
  },
  "with_embeddings": {}
}
