backend,strategy,seed_count,task_count_mean,task_count_std,macro_recall_mean,macro_recall_std,macro_precision_mean,macro_precision_std,macro_f1_mean,macro_f1_std,approved_replan_count_mean,approved_replan_count_std,total_out_of_bounds_mean,total_out_of_bounds_std,total_blocked_invalid_mean,total_blocked_invalid_std,total_tokens_all_in_mean,total_tokens_all_in_std,total_cost_usd_mean,total_cost_usd_std
local,acg_planned,3,11.000000,0.000000,0.515152,0.017142,0.660606,0.019639,0.563636,0.015452,0.000000,0.000000,0.000000,0.000000,1.000000,0.000000,17513.666667,605.895664,0.000429,0.000006
local,acg_planned_replan,3,11.000000,0.000000,0.560606,0.017142,0.698990,0.024284,0.604959,0.019185,1.000000,0.000000,0.000000,0.000000,0.000000,0.000000,17513.666667,605.895664,0.000529,0.000074
local,naive_parallel,3,11.000000,0.000000,0.596970,0.037360,0.741414,0.037223,0.643251,0.036468,0.000000,0.000000,3.000000,1.414214,0.000000,0.000000,19930.333333,597.246087,0.000692,0.000096
mock,acg_planned,3,11.000000,0.000000,0.515152,0.017142,0.641414,0.018897,0.552341,0.013944,0.000000,0.000000,0.000000,0.000000,0.000000,0.000000,17497.000000,603.312523,,
mock,acg_planned_replan,3,11.000000,0.000000,0.515152,0.017142,0.641414,0.018897,0.552341,0.013944,0.000000,0.000000,0.000000,0.000000,0.000000,0.000000,17497.000000,603.312523,,
mock,naive_parallel,3,11.000000,0.000000,0.515152,0.017142,0.641414,0.018897,0.552341,0.013944,0.000000,0.000000,0.000000,0.000000,0.000000,0.000000,19514.333333,595.832378,,
