{
  "aggregate": {
    "agent_match_to_human_macro_by_strategy": {
      "acg_planned": {
        "agent_match_to_human": 0.3333333333333333,
        "f1": 0.3333333333333333,
        "precision": 0.4444444444444444,
        "recall": 0.27777777777777773
      },
      "acg_planned_full_context": {
        "agent_match_to_human": 0.16666666666666666,
        "f1": 0.16666666666666666,
        "precision": 0.3333333333333333,
        "recall": 0.1111111111111111
      },
      "naive_parallel": {
        "agent_match_to_human": 0.13333333333333333,
        "f1": 0.13333333333333333,
        "precision": 0.16666666666666666,
        "recall": 0.1111111111111111
      }
    },
    "agent_match_to_human_micro_by_strategy": {
      "acg_planned": {
        "agent_match_to_human": 0.23529411764705882,
        "f1": 0.23529411764705882,
        "false_negatives": 8,
        "false_positives": 5,
        "precision": 0.2857142857142857,
        "recall": 0.2,
        "true_positives": 2
      },
      "acg_planned_full_context": {
        "agent_match_to_human": 0.16666666666666669,
        "f1": 0.16666666666666669,
        "false_negatives": 9,
        "false_positives": 1,
        "precision": 0.5,
        "recall": 0.1,
        "true_positives": 1
      },
      "naive_parallel": {
        "agent_match_to_human": 0.11764705882352941,
        "f1": 0.11764705882352941,
        "false_negatives": 9,
        "false_positives": 6,
        "precision": 0.14285714285714285,
        "recall": 0.1,
        "true_positives": 1
      }
    },
    "cost_usd_total_recorded": 0.00039226,
    "predicted_vs_ground_truth_macro": {
      "f1": 0.22857142857142856,
      "precision": 0.19444444444444442,
      "recall": 0.27777777777777773
    },
    "predicted_vs_ground_truth_micro": {
      "f1": 0.1818181818181818,
      "false_negatives": 8,
      "false_positives": 10,
      "precision": 0.16666666666666666,
      "recall": 0.2,
      "true_positives": 2
    }
  },
  "full_name": "fastify/fastify",
  "repo": "fastify",
  "score_definition": {
    "agent_match_to_human": "F1 of proposed_write_files compared with manifest ground_truth_files; for local proposal artifacts, actual_changed_files is the proposed_write_files set",
    "ground_truth_precision_recall_f1": "predicted_write_files compared with manifest ground_truth_files",
    "path_normalization": "repo-relative strings with leading ./ and checkout absolute prefixes removed"
  },
  "tasks": {
    "pr-6653": {
      "agent_match_to_human": 0.0,
      "agent_match_to_human_by_strategy": {
        "acg_planned": {
          "agent_f1": 0.0,
          "agent_match_to_human": 0.0,
          "agent_precision": 0.0,
          "agent_recall": 0.0,
          "extra_files": [
            "lib/content-type-parser.js",
            "test/content-parser.test.js",
            "test/internals/validation.test.js"
          ],
          "f1": 0.0,
          "false_negatives": 5,
          "false_positives": 3,
          "matched_files": [],
          "missed_files": [
            "lib/handle-request.js",
            "lib/request.js",
            "lib/symbols.js",
            "lib/validation.js",
            "types/request.d.ts"
          ],
          "precision": 0.0,
          "proposed_source": "actual_changed_files",
          "proposed_write_files": [
            "lib/content-type-parser.js",
            "test/content-parser.test.js",
            "test/internals/validation.test.js"
          ],
          "recall": 0.0,
          "status": "completed",
          "true_positives": 0
        },
        "acg_planned_full_context": {
          "agent_f1": 0.0,
          "agent_match_to_human": 0.0,
          "agent_precision": 0.0,
          "agent_recall": 0.0,
          "extra_files": [
            "lib/content-type-parser.js"
          ],
          "f1": 0.0,
          "false_negatives": 5,
          "false_positives": 1,
          "matched_files": [],
          "missed_files": [
            "lib/handle-request.js",
            "lib/request.js",
            "lib/symbols.js",
            "lib/validation.js",
            "types/request.d.ts"
          ],
          "precision": 0.0,
          "proposed_source": "actual_changed_files",
          "proposed_write_files": [
            "lib/content-type-parser.js"
          ],
          "recall": 0.0,
          "status": "completed",
          "true_positives": 0
        },
        "naive_parallel": {
          "agent_f1": 0.0,
          "agent_match_to_human": 0.0,
          "agent_precision": 0.0,
          "agent_recall": 0.0,
          "extra_files": [
            "fastify.js",
            "lib/config-validator.js",
            "lib/content-type-parser.js",
            "lib/content-type.js"
          ],
          "f1": 0.0,
          "false_negatives": 5,
          "false_positives": 4,
          "matched_files": [],
          "missed_files": [
            "lib/handle-request.js",
            "lib/request.js",
            "lib/symbols.js",
            "lib/validation.js",
            "types/request.d.ts"
          ],
          "precision": 0.0,
          "proposed_source": "actual_changed_files",
          "proposed_write_files": [
            "fastify.js",
            "lib/config-validator.js",
            "lib/content-type-parser.js",
            "lib/content-type.js"
          ],
          "recall": 0.0,
          "status": "completed_unsafe",
          "true_positives": 0
        }
      },
      "ground_truth_f1": 0.0,
      "ground_truth_files": [
        "lib/handle-request.js",
        "lib/request.js",
        "lib/symbols.js",
        "lib/validation.js",
        "types/request.d.ts"
      ],
      "ground_truth_precision": 0.0,
      "ground_truth_recall": 0.0,
      "pr_number": 6653,
      "predicted_vs_ground_truth": {
        "extra_files": [
          "lib/content-type-parser.js",
          "test/content-parser.test.js",
          "test/internals/validation.test.js",
          "test/logger/logger-test-utils.js",
          "types/content-type-parser.d.ts"
        ],
        "f1": 0.0,
        "false_negatives": 5,
        "false_positives": 5,
        "matched_files": [],
        "missed_files": [
          "lib/handle-request.js",
          "lib/request.js",
          "lib/symbols.js",
          "lib/validation.js",
          "types/request.d.ts"
        ],
        "precision": 0.0,
        "recall": 0.0,
        "true_positives": 0
      },
      "predicted_writes": [
        "lib/content-type-parser.js",
        "test/content-parser.test.js",
        "test/internals/validation.test.js",
        "test/logger/logger-test-utils.js",
        "types/content-type-parser.d.ts"
      ],
      "task_id": "pr-6653"
    },
    "pr-6692": {
      "agent_match_to_human": 0.6666666666666666,
      "agent_match_to_human_by_strategy": {
        "acg_planned": {
          "agent_f1": 0.6666666666666666,
          "agent_match_to_human": 0.6666666666666666,
          "agent_precision": 1.0,
          "agent_recall": 0.5,
          "extra_files": [],
          "f1": 0.6666666666666666,
          "false_negatives": 1,
          "false_positives": 0,
          "matched_files": [
            "lib/schemas.js"
          ],
          "missed_files": [
            "lib/content-type-parser.js"
          ],
          "precision": 1.0,
          "proposed_source": "actual_changed_files",
          "proposed_write_files": [
            "lib/schemas.js"
          ],
          "recall": 0.5,
          "status": "completed",
          "true_positives": 1
        },
        "acg_planned_full_context": {
          "agent_f1": 0.0,
          "agent_match_to_human": 0.0,
          "agent_precision": 0.0,
          "agent_recall": 0.0,
          "extra_files": [],
          "f1": 0.0,
          "false_negatives": 2,
          "false_positives": 0,
          "matched_files": [],
          "missed_files": [
            "lib/content-type-parser.js",
            "lib/schemas.js"
          ],